[{"id":1,"first_name":"Eli","last_name":"Barclay","email":"ebarclay0@behance.net","date_of_birth":"12-09-2018","age":53,"country":"China","phone":"3913868460"},
{"id":2,"first_name":"Cordey","last_name":"Gritland","email":"cgritland1@digg.com","date_of_birth":"06-12-1987","age":19,"country":"China","phone":"5456251395"},
{"id":3,"first_name":"Darci","last_name":"Jerratsch","email":"djerratsch2@example.com","date_of_birth":"28-09-1996","age":39,"country":"Indonesia","phone":"2027011013"},
{"id":4,"first_name":"Jolene","last_name":"Czajka","email":"jczajka3@paginegialle.it","date_of_birth":"07-08-1987","age":43,"country":"Bolivia","phone":"6255359482"},
{"id":5,"first_name":"Ursola","last_name":"Bergeon","email":"ubergeon4@comcast.net","date_of_birth":"13-12-1984","age":38,"country":"Canada","phone":"2363081078"},
{"id":6,"first_name":"Dasya","last_name":"Kiggel","email":"dkiggel5@alexa.com","date_of_birth":"14-03-2014","age":37,"country":"Philippines","phone":"1245751219"},
{"id":7,"first_name":"Chevalier","last_name":"De la Yglesias","email":"cdelayglesias6@storify.com","date_of_birth":"03-09-1973","age":26,"country":"Croatia","phone":"3919521328"},
{"id":8,"first_name":"Stanford","last_name":"Keady","email":"skeady7@goo.gl","date_of_birth":"07-12-1985","age":36,"country":"Russia","phone":"4322564250"},
{"id":9,"first_name":"Donalt","last_name":"Lightwing","email":"dlightwing8@nps.gov","date_of_birth":"03-12-1970","age":52,"country":"Brazil","phone":"5119966955"},
{"id":10,"first_name":"Blake","last_name":"Eliyahu","email":"beliyahu9@acquirethisname.com","date_of_birth":"13-05-1990","age":50,"country":"China","phone":"2814470420"},
{"id":11,"first_name":"Gloriane","last_name":"Joust","email":"gjousta@wisc.edu","date_of_birth":"06-09-2002","age":41,"country":"China","phone":"1787186404"},
{"id":12,"first_name":"Augy","last_name":"Sommersett","email":"asommersettb@sitemeter.com","date_of_birth":"20-05-1989","age":43,"country":"China","phone":"5233931337"},
{"id":13,"first_name":"Katinka","last_name":"Bagg","email":"kbaggc@nasa.gov","date_of_birth":"23-11-1991","age":44,"country":"Palestinian Territory","phone":"9516559458"},
{"id":14,"first_name":"Reider","last_name":"Deinhard","email":"rdeinhardd@webnode.com","date_of_birth":"29-12-1984","age":29,"country":"France","phone":"4537252693"},
{"id":15,"first_name":"Jewelle","last_name":"Jack","email":"jjacke@unesco.org","date_of_birth":"24-01-1979","age":40,"country":"Norway","phone":"9741396483"},
{"id":16,"first_name":"Jacquenetta","last_name":"Ferguson","email":"jfergusonf@bandcamp.com","date_of_birth":"14-09-2011","age":43,"country":"China","phone":"6648333767"},
{"id":17,"first_name":"Ingmar","last_name":"Huikerby","email":"ihuikerbyg@clickbank.net","date_of_birth":"03-04-1996","age":39,"country":"China","phone":"9947938080"},
{"id":18,"first_name":"Mohandis","last_name":"Tolworth","email":"mtolworthh@dmoz.org","date_of_birth":"16-05-2014","age":58,"country":"Guatemala","phone":"2126524051"},
{"id":19,"first_name":"Alyse","last_name":"Goldthorp","email":"agoldthorpi@paypal.com","date_of_birth":"01-07-2006","age":47,"country":"Indonesia","phone":"4466023014"},
{"id":20,"first_name":"Manfred","last_name":"Lune","email":"mlunej@paginegialle.it","date_of_birth":"12-12-2013","age":20,"country":"Ukraine","phone":"2059826990"},
{"id":21,"first_name":"Ruddie","last_name":"Thorndycraft","email":"rthorndycraftk@biglobe.ne.jp","date_of_birth":"04-09-1974","age":46,"country":"United States","phone":"8157004502"},
{"id":22,"first_name":"Kristofor","last_name":"Full","email":"kfulll@mozilla.com","date_of_birth":"27-03-1994","age":36,"country":"Latvia","phone":"6656173339"},
{"id":23,"first_name":"Salim","last_name":"Weakley","email":"sweakleym@theatlantic.com","date_of_birth":"04-07-2013","age":46,"country":"China","phone":"1355037278"},
{"id":24,"first_name":"Bat","last_name":"Hullett","email":"bhullettn@gmpg.org","date_of_birth":"26-04-1992","age":36,"country":"Indonesia","phone":"6642106781"},
{"id":25,"first_name":"Brigitte","last_name":"Edelmann","email":"bedelmanno@ezinearticles.com","date_of_birth":"10-06-2008","age":39,"country":"Brazil","phone":"5357934553"},
{"id":26,"first_name":"Pammi","last_name":"Ibbett","email":"pibbettp@house.gov","date_of_birth":"13-09-2005","age":43,"country":"China","phone":"1358662316"},
{"id":27,"first_name":"Deana","last_name":"Newbery","email":"dnewberyq@state.gov","date_of_birth":"02-10-1979","age":47,"country":"Philippines","phone":"2107868151"},
{"id":28,"first_name":"Brett","last_name":"Snap","email":"bsnapr@blogspot.com","date_of_birth":"26-04-2018","age":41,"country":"Democratic Republic of the Congo","phone":"2871706685"},
{"id":29,"first_name":"Lynnelle","last_name":"Veck","email":"lvecks@parallels.com","date_of_birth":"31-12-1998","age":36,"country":"Indonesia","phone":"4945350814"},
{"id":30,"first_name":"Murdoch","last_name":"De Antoni","email":"mdeantonit@bloglovin.com","date_of_birth":"04-01-1974","age":19,"country":"China","phone":"8807294827"},
{"id":31,"first_name":"Ralph","last_name":"Munkley","email":"rmunkleyu@thetimes.co.uk","date_of_birth":"24-09-1992","age":30,"country":"China","phone":"8112245506"},
{"id":32,"first_name":"Gwenny","last_name":"MacDonnell","email":"gmacdonnellv@reverbnation.com","date_of_birth":"09-11-1972","age":26,"country":"Brazil","phone":"6803577322"},
{"id":33,"first_name":"Eugenio","last_name":"Linay","email":"elinayw@bbc.co.uk","date_of_birth":"10-03-2010","age":56,"country":"New Zealand","phone":"2423600164"},
{"id":34,"first_name":"Mariana","last_name":"Robichon","email":"mrobichonx@cbsnews.com","date_of_birth":"30-04-2000","age":51,"country":"China","phone":"6688282141"},
{"id":35,"first_name":"Diana","last_name":"Bane","email":"dbaney@mail.ru","date_of_birth":"16-11-1974","age":55,"country":"Cuba","phone":"1608581015"},
{"id":36,"first_name":"Melania","last_name":"Bertie","email":"mbertiez@fastcompany.com","date_of_birth":"10-03-2018","age":43,"country":"Poland","phone":"4865625535"},
{"id":37,"first_name":"Banky","last_name":"Sannes","email":"bsannes10@studiopress.com","date_of_birth":"05-03-1997","age":20,"country":"Portugal","phone":"9089281047"},
{"id":38,"first_name":"Eadie","last_name":"O'Crigane","email":"eocrigane11@google.pl","date_of_birth":"07-01-1974","age":53,"country":"Martinique","phone":"2737941862"},
{"id":39,"first_name":"Yorke","last_name":"Kaysor","email":"ykaysor12@npr.org","date_of_birth":"02-08-1995","age":29,"country":"China","phone":"7343465584"},
{"id":40,"first_name":"Reina","last_name":"Peggrem","email":"rpeggrem13@cam.ac.uk","date_of_birth":"22-07-1977","age":21,"country":"Madagascar","phone":"7991868248"},
{"id":41,"first_name":"Ramon","last_name":"Dumke","email":"rdumke14@g.co","date_of_birth":"10-08-1988","age":46,"country":"Iran","phone":"1586885961"},
{"id":42,"first_name":"Aundrea","last_name":"Fernehough","email":"afernehough15@scientificamerican.com","date_of_birth":"08-07-2020","age":31,"country":"Kenya","phone":"1923193110"},
{"id":43,"first_name":"Armin","last_name":"Kaas","email":"akaas16@auda.org.au","date_of_birth":"16-04-1976","age":42,"country":"Jamaica","phone":"3378958283"},
{"id":44,"first_name":"Marlyn","last_name":"Bourdon","email":"mbourdon17@blinklist.com","date_of_birth":"13-08-1992","age":24,"country":"China","phone":"5315126373"},
{"id":45,"first_name":"Noland","last_name":"Senecaut","email":"nsenecaut18@cmu.edu","date_of_birth":"17-01-1971","age":20,"country":"Nigeria","phone":"6755907162"},
{"id":46,"first_name":"Tricia","last_name":"Frisby","email":"tfrisby19@wix.com","date_of_birth":"27-10-2005","age":42,"country":"China","phone":"7675327152"},
{"id":47,"first_name":"Vale","last_name":"Oseman","email":"voseman1a@feedburner.com","date_of_birth":"13-11-1986","age":39,"country":"Guadeloupe","phone":"3005848309"},
{"id":48,"first_name":"Halette","last_name":"Foxon","email":"hfoxon1b@unicef.org","date_of_birth":"11-12-1979","age":40,"country":"Portugal","phone":"7333899368"},
{"id":49,"first_name":"Willi","last_name":"Farrants","email":"wfarrants1c@arizona.edu","date_of_birth":"13-08-1998","age":40,"country":"Philippines","phone":"9529751027"},
{"id":50,"first_name":"Bax","last_name":"Knowller","email":"bknowller1d@gnu.org","date_of_birth":"25-09-1991","age":54,"country":"Indonesia","phone":"7331103734"},
{"id":51,"first_name":"Kirsteni","last_name":"Paoletto","email":"kpaoletto1e@bloglovin.com","date_of_birth":"01-11-1982","age":36,"country":"Indonesia","phone":"1528504110"},
{"id":52,"first_name":"Mariellen","last_name":"Tabrett","email":"mtabrett1f@sbwire.com","date_of_birth":"06-05-1974","age":34,"country":"China","phone":"2394741421"},
{"id":53,"first_name":"Erminia","last_name":"Taffrey","email":"etaffrey1g@squidoo.com","date_of_birth":"08-05-1990","age":58,"country":"China","phone":"5651591377"},
{"id":54,"first_name":"Babbie","last_name":"Whittek","email":"bwhittek1h@zimbio.com","date_of_birth":"12-03-2001","age":47,"country":"Argentina","phone":"2904102995"},
{"id":55,"first_name":"Calley","last_name":"Winkett","email":"cwinkett1i@scribd.com","date_of_birth":"22-04-1996","age":19,"country":"China","phone":"2572723868"},
{"id":56,"first_name":"Tybi","last_name":"Mowle","email":"tmowle1j@wikispaces.com","date_of_birth":"14-07-1970","age":27,"country":"Brazil","phone":"9424335871"},
{"id":57,"first_name":"Giacomo","last_name":"Hammant","email":"ghammant1k@bizjournals.com","date_of_birth":"03-07-1975","age":58,"country":"China","phone":"3821613832"},
{"id":58,"first_name":"Domenico","last_name":"Gartsyde","email":"dgartsyde1l@dot.gov","date_of_birth":"09-05-2005","age":39,"country":"China","phone":"8935796175"},
{"id":59,"first_name":"Dunstan","last_name":"Doll","email":"ddoll1m@thetimes.co.uk","date_of_birth":"11-02-1992","age":38,"country":"Turkmenistan","phone":"7144097941"},
{"id":60,"first_name":"Lancelot","last_name":"Arbon","email":"larbon1n@newyorker.com","date_of_birth":"20-10-2019","age":56,"country":"China","phone":"3492522196"},
{"id":61,"first_name":"Hernando","last_name":"Bonifacio","email":"hbonifacio1o@fda.gov","date_of_birth":"05-11-2020","age":25,"country":"Brazil","phone":"3423629570"},
{"id":62,"first_name":"Tammara","last_name":"Swate","email":"tswate1p@sun.com","date_of_birth":"01-07-2001","age":52,"country":"China","phone":"8824497508"},
{"id":63,"first_name":"Brana","last_name":"Schole","email":"bschole1q@yellowpages.com","date_of_birth":"28-12-1997","age":44,"country":"China","phone":"9689280201"},
{"id":64,"first_name":"Katherine","last_name":"Portail","email":"kportail1r@census.gov","date_of_birth":"05-04-1979","age":55,"country":"Philippines","phone":"9317136689"},
{"id":65,"first_name":"Magdalen","last_name":"Gockeler","email":"mgockeler1s@github.io","date_of_birth":"30-03-2021","age":21,"country":"Thailand","phone":"3489990812"},
{"id":66,"first_name":"Rubia","last_name":"Gateman","email":"rgateman1t@mac.com","date_of_birth":"29-11-1994","age":34,"country":"China","phone":"1063648402"},
{"id":67,"first_name":"Sue","last_name":"Mitchely","email":"smitchely1u@mashable.com","date_of_birth":"28-04-1991","age":33,"country":"Russia","phone":"2533998377"},
{"id":68,"first_name":"Rourke","last_name":"Fitton","email":"rfitton1v@fotki.com","date_of_birth":"13-04-2018","age":46,"country":"China","phone":"9919091408"},
{"id":69,"first_name":"Petr","last_name":"Pinsent","email":"ppinsent1w@surveymonkey.com","date_of_birth":"27-10-2019","age":35,"country":"Indonesia","phone":"1333100608"},
{"id":70,"first_name":"Obie","last_name":"Ivakhin","email":"oivakhin1x@foxnews.com","date_of_birth":"02-05-2002","age":27,"country":"Sweden","phone":"5328800282"},
{"id":71,"first_name":"Clair","last_name":"Michie","email":"cmichie1y@cocolog-nifty.com","date_of_birth":"17-05-1998","age":19,"country":"Canada","phone":"2904509298"},
{"id":72,"first_name":"Guendolen","last_name":"Crockford","email":"gcrockford1z@springer.com","date_of_birth":"21-09-2003","age":30,"country":"Brazil","phone":"3096872022"},
{"id":73,"first_name":"Janelle","last_name":"Briggs","email":"jbriggs20@nytimes.com","date_of_birth":"31-03-2002","age":35,"country":"Panama","phone":"7424834011"},
{"id":74,"first_name":"Daria","last_name":"Breit","email":"dbreit21@uol.com.br","date_of_birth":"21-09-2008","age":29,"country":"Thailand","phone":"2819014866"},
{"id":75,"first_name":"Aldus","last_name":"Keuneke","email":"akeuneke22@walmart.com","date_of_birth":"05-05-1989","age":36,"country":"Canada","phone":"9303318518"},
{"id":76,"first_name":"Mady","last_name":"Thormwell","email":"mthormwell23@51.la","date_of_birth":"02-09-1992","age":20,"country":"China","phone":"1026071461"},
{"id":77,"first_name":"Mattie","last_name":"Lohden","email":"mlohden24@wikia.com","date_of_birth":"22-06-1980","age":52,"country":"China","phone":"7789534443"},
{"id":78,"first_name":"Luise","last_name":"Phillipps","email":"lphillipps25@statcounter.com","date_of_birth":"03-01-2011","age":20,"country":"China","phone":"7262410726"},
{"id":79,"first_name":"Nicholle","last_name":"Milius","email":"nmilius26@stanford.edu","date_of_birth":"07-09-1973","age":23,"country":"Indonesia","phone":"5078114985"},
{"id":80,"first_name":"Ileana","last_name":"Sandey","email":"isandey27@fda.gov","date_of_birth":"07-06-1976","age":31,"country":"China","phone":"8054695184"},
{"id":81,"first_name":"Savina","last_name":"Bichard","email":"sbichard28@chron.com","date_of_birth":"05-09-2010","age":36,"country":"Russia","phone":"4265669779"},
{"id":82,"first_name":"Kerwin","last_name":"Greaves","email":"kgreaves29@comcast.net","date_of_birth":"18-02-2019","age":24,"country":"Indonesia","phone":"3705277440"},
{"id":83,"first_name":"Parsifal","last_name":"Braghini","email":"pbraghini2a@hostgator.com","date_of_birth":"16-05-1974","age":51,"country":"Philippines","phone":"2967085327"},
{"id":84,"first_name":"Salem","last_name":"Lindenbluth","email":"slindenbluth2b@icio.us","date_of_birth":"14-01-1974","age":36,"country":"Ireland","phone":"5669308448"},
{"id":85,"first_name":"Marje","last_name":"Clohessy","email":"mclohessy2c@gov.uk","date_of_birth":"25-06-2004","age":44,"country":"Philippines","phone":"4348071015"},
{"id":86,"first_name":"Donnie","last_name":"Licari","email":"dlicari2d@wordpress.org","date_of_birth":"06-03-2018","age":45,"country":"Peru","phone":"1167887989"},
{"id":87,"first_name":"Shelia","last_name":"Coveny","email":"scoveny2e@answers.com","date_of_birth":"14-03-1992","age":20,"country":"Zimbabwe","phone":"3196285297"},
{"id":88,"first_name":"Eliot","last_name":"Boldt","email":"eboldt2f@foxnews.com","date_of_birth":"07-03-1980","age":19,"country":"Croatia","phone":"9734937630"},
{"id":89,"first_name":"Annamaria","last_name":"Inchboard","email":"ainchboard2g@edublogs.org","date_of_birth":"27-08-2005","age":40,"country":"Azerbaijan","phone":"6212520829"},
{"id":90,"first_name":"Anica","last_name":"Doswell","email":"adoswell2h@soup.io","date_of_birth":"24-05-1982","age":54,"country":"Angola","phone":"5462141379"},
{"id":91,"first_name":"Erena","last_name":"Common","email":"ecommon2i@google.ca","date_of_birth":"10-06-1978","age":27,"country":"Portugal","phone":"2912581176"},
{"id":92,"first_name":"Perren","last_name":"McCane","email":"pmccane2j@desdev.cn","date_of_birth":"16-01-2016","age":37,"country":"Myanmar","phone":"1428674221"},
{"id":93,"first_name":"Ursuline","last_name":"Standish","email":"ustandish2k@multiply.com","date_of_birth":"08-10-1992","age":58,"country":"Nigeria","phone":"4421823525"},
{"id":94,"first_name":"Bertie","last_name":"Crowthe","email":"bcrowthe2l@sina.com.cn","date_of_birth":"24-06-1999","age":57,"country":"Tunisia","phone":"5517070801"},
{"id":95,"first_name":"Ferdinanda","last_name":"Spinello","email":"fspinello2m@nih.gov","date_of_birth":"29-02-1984","age":46,"country":"Canada","phone":"2612305259"},
{"id":96,"first_name":"Lorinda","last_name":"Maryan","email":"lmaryan2n@miibeian.gov.cn","date_of_birth":"20-09-2020","age":48,"country":"Morocco","phone":"5937550388"},
{"id":97,"first_name":"Georas","last_name":"Caslake","email":"gcaslake2o@bandcamp.com","date_of_birth":"11-02-1977","age":21,"country":"Czech Republic","phone":"3695955797"},
{"id":98,"first_name":"Damian","last_name":"Fiddeman","email":"dfiddeman2p@tripod.com","date_of_birth":"26-08-1974","age":29,"country":"France","phone":"4201487921"},
{"id":99,"first_name":"Patrizius","last_name":"Harston","email":"pharston2q@huffingtonpost.com","date_of_birth":"26-06-2018","age":40,"country":"Portugal","phone":"6514258669"},
{"id":100,"first_name":"Gleda","last_name":"Schultes","email":"gschultes2r@blogger.com","date_of_birth":"23-04-2006","age":48,"country":"Kenya","phone":"6463367328"},
{"id":101,"first_name":"Gilbert","last_name":"Floodgate","email":"gfloodgate2s@nymag.com","date_of_birth":"10-12-1972","age":32,"country":"China","phone":"3927904980"},
{"id":102,"first_name":"Miquela","last_name":"Dalby","email":"mdalby2t@jigsy.com","date_of_birth":"25-06-1992","age":55,"country":"Venezuela","phone":"2011709515"},
{"id":103,"first_name":"Floyd","last_name":"Wreford","email":"fwreford2u@wix.com","date_of_birth":"04-09-1980","age":27,"country":"Russia","phone":"6358832105"},
{"id":104,"first_name":"Zsa zsa","last_name":"Christofor","email":"zchristofor2v@ft.com","date_of_birth":"13-10-1980","age":58,"country":"France","phone":"9593095527"},
{"id":105,"first_name":"Ricky","last_name":"Parradice","email":"rparradice2w@narod.ru","date_of_birth":"21-05-1993","age":34,"country":"Palestinian Territory","phone":"4299916008"},
{"id":106,"first_name":"Roda","last_name":"Polden","email":"rpolden2x@hp.com","date_of_birth":"15-07-2013","age":22,"country":"Nigeria","phone":"8733138565"},
{"id":107,"first_name":"Arleen","last_name":"Horsey","email":"ahorsey2y@google.it","date_of_birth":"18-02-1986","age":43,"country":"Albania","phone":"1113593850"},
{"id":108,"first_name":"Steven","last_name":"Pidgley","email":"spidgley2z@istockphoto.com","date_of_birth":"16-07-2011","age":29,"country":"Estonia","phone":"8729094207"},
{"id":109,"first_name":"Tyrone","last_name":"Severns","email":"tseverns30@pbs.org","date_of_birth":"25-04-2014","age":37,"country":"Uzbekistan","phone":"5349655878"},
{"id":110,"first_name":"Aviva","last_name":"Di Dello","email":"adidello31@aol.com","date_of_birth":"12-02-1979","age":30,"country":"Brazil","phone":"1866168437"},
{"id":111,"first_name":"Bentley","last_name":"Thody","email":"bthody32@seesaa.net","date_of_birth":"16-06-2016","age":44,"country":"France","phone":"9919948231"},
{"id":112,"first_name":"Pacorro","last_name":"Allawy","email":"pallawy33@umn.edu","date_of_birth":"24-03-1979","age":32,"country":"Philippines","phone":"1854122303"},
{"id":113,"first_name":"Celie","last_name":"Kynton","email":"ckynton34@ning.com","date_of_birth":"13-06-1974","age":32,"country":"Mongolia","phone":"1022176420"},
{"id":114,"first_name":"Raff","last_name":"Drees","email":"rdrees35@theguardian.com","date_of_birth":"14-03-1972","age":37,"country":"Colombia","phone":"4929111696"},
{"id":115,"first_name":"Rosalinda","last_name":"Jakeman","email":"rjakeman36@diigo.com","date_of_birth":"20-09-2005","age":56,"country":"China","phone":"2148068678"},
{"id":116,"first_name":"Sherm","last_name":"Collings","email":"scollings37@berkeley.edu","date_of_birth":"04-07-1986","age":26,"country":"China","phone":"4629825048"},
{"id":117,"first_name":"Raimondo","last_name":"Cambling","email":"rcambling38@wiley.com","date_of_birth":"06-02-2016","age":43,"country":"Philippines","phone":"5705682646"},
{"id":118,"first_name":"Alika","last_name":"Sondland","email":"asondland39@g.co","date_of_birth":"27-07-1970","age":51,"country":"China","phone":"8627835562"},
{"id":119,"first_name":"Ginnie","last_name":"Redmond","email":"gredmond3a@nymag.com","date_of_birth":"12-03-2013","age":25,"country":"Denmark","phone":"2643647875"},
{"id":120,"first_name":"Flore","last_name":"Sellar","email":"fsellar3b@amazon.com","date_of_birth":"12-04-2016","age":20,"country":"China","phone":"8276179145"},
{"id":121,"first_name":"Corney","last_name":"Balstone","email":"cbalstone3c@gmpg.org","date_of_birth":"18-02-1997","age":20,"country":"Indonesia","phone":"6024353789"},
{"id":122,"first_name":"Jamil","last_name":"Enstone","email":"jenstone3d@blogtalkradio.com","date_of_birth":"13-12-1991","age":49,"country":"China","phone":"2252444346"},
{"id":123,"first_name":"Charleen","last_name":"Gervaise","email":"cgervaise3e@google.de","date_of_birth":"24-07-1996","age":58,"country":"China","phone":"1826999084"},
{"id":124,"first_name":"Edyth","last_name":"Solman","email":"esolman3f@utexas.edu","date_of_birth":"20-11-2006","age":58,"country":"Colombia","phone":"3805104045"},
{"id":125,"first_name":"Amii","last_name":"O'Cannovane","email":"aocannovane3g@example.com","date_of_birth":"08-04-2015","age":45,"country":"Panama","phone":"9265974237"},
{"id":126,"first_name":"Enrico","last_name":"Eden","email":"eeden3h@eepurl.com","date_of_birth":"04-03-2010","age":51,"country":"Indonesia","phone":"6064770851"},
{"id":127,"first_name":"Margeaux","last_name":"Buttel","email":"mbuttel3i@fda.gov","date_of_birth":"18-06-2011","age":21,"country":"Russia","phone":"5565989300"},
{"id":128,"first_name":"Antonia","last_name":"Stranahan","email":"astranahan3j@artisteer.com","date_of_birth":"10-04-1971","age":51,"country":"Thailand","phone":"8565686732"},
{"id":129,"first_name":"Giselle","last_name":"Ranns","email":"granns3k@rambler.ru","date_of_birth":"03-02-2006","age":53,"country":"Indonesia","phone":"7725353952"},
{"id":130,"first_name":"Perle","last_name":"Wickstead","email":"pwickstead3l@unblog.fr","date_of_birth":"21-10-1979","age":37,"country":"Haiti","phone":"8422869113"},
{"id":131,"first_name":"Hyman","last_name":"Janusik","email":"hjanusik3m@booking.com","date_of_birth":"29-05-2003","age":38,"country":"Russia","phone":"3664839555"},
{"id":132,"first_name":"Jarrad","last_name":"Pavlik","email":"jpavlik3n@rediff.com","date_of_birth":"23-09-1987","age":39,"country":"Madagascar","phone":"7069523820"},
{"id":133,"first_name":"Yale","last_name":"Whistance","email":"ywhistance3o@ftc.gov","date_of_birth":"15-08-1998","age":43,"country":"China","phone":"7824896879"},
{"id":134,"first_name":"Lezley","last_name":"Sankey","email":"lsankey3p@miibeian.gov.cn","date_of_birth":"25-06-1993","age":29,"country":"South Africa","phone":"8806077062"},
{"id":135,"first_name":"Godart","last_name":"Toolan","email":"gtoolan3q@census.gov","date_of_birth":"30-12-1985","age":20,"country":"Indonesia","phone":"1182479111"},
{"id":136,"first_name":"Clarance","last_name":"Yelland","email":"cyelland3r@cdc.gov","date_of_birth":"13-07-1996","age":22,"country":"Indonesia","phone":"2378734156"},
{"id":137,"first_name":"Reed","last_name":"Iacovone","email":"riacovone3s@github.io","date_of_birth":"14-10-2002","age":48,"country":"China","phone":"3987162811"},
{"id":138,"first_name":"Yolanthe","last_name":"Nisen","email":"ynisen3t@deviantart.com","date_of_birth":"10-05-1989","age":43,"country":"Netherlands","phone":"5838766850"},
{"id":139,"first_name":"Hastie","last_name":"Joe","email":"hjoe3u@yandex.ru","date_of_birth":"17-02-1977","age":33,"country":"Indonesia","phone":"4717489888"},
{"id":140,"first_name":"Lissa","last_name":"Thomsen","email":"lthomsen3v@mashable.com","date_of_birth":"15-12-1989","age":57,"country":"Portugal","phone":"7283876965"},
{"id":141,"first_name":"Katerina","last_name":"Laite","email":"klaite3w@bravesites.com","date_of_birth":"23-06-1977","age":31,"country":"China","phone":"9771256647"},
{"id":142,"first_name":"Almeda","last_name":"Hanrahan","email":"ahanrahan3x@geocities.com","date_of_birth":"13-08-1991","age":25,"country":"Mauritius","phone":"9876014645"},
{"id":143,"first_name":"Austen","last_name":"O'Halleghane","email":"aohalleghane3y@privacy.gov.au","date_of_birth":"19-05-1992","age":31,"country":"Czech Republic","phone":"3823699985"},
{"id":144,"first_name":"Doretta","last_name":"Leathers","email":"dleathers3z@paypal.com","date_of_birth":"18-10-2005","age":24,"country":"Burkina Faso","phone":"3655384843"},
{"id":145,"first_name":"Kamilah","last_name":"Enderle","email":"kenderle40@amazon.co.uk","date_of_birth":"22-08-2004","age":56,"country":"Indonesia","phone":"4118841887"},
{"id":146,"first_name":"Janis","last_name":"Georger","email":"jgeorger41@hp.com","date_of_birth":"26-05-1972","age":53,"country":"Philippines","phone":"4617972287"},
{"id":147,"first_name":"Venus","last_name":"Tawton","email":"vtawton42@bloglines.com","date_of_birth":"24-11-1970","age":56,"country":"China","phone":"7313083851"},
{"id":148,"first_name":"Lesya","last_name":"Heazel","email":"lheazel43@feedburner.com","date_of_birth":"13-08-2004","age":56,"country":"Portugal","phone":"1876479141"},
{"id":149,"first_name":"Harris","last_name":"Abreheart","email":"habreheart44@topsy.com","date_of_birth":"13-06-1970","age":31,"country":"Estonia","phone":"2685488007"},
{"id":150,"first_name":"Rori","last_name":"Cardoso","email":"rcardoso45@vk.com","date_of_birth":"24-09-2004","age":54,"country":"Equatorial Guinea","phone":"1455914361"},
{"id":151,"first_name":"Adolphus","last_name":"McFadin","email":"amcfadin46@dropbox.com","date_of_birth":"31-05-1978","age":32,"country":"Indonesia","phone":"7877154919"},
{"id":152,"first_name":"Veronika","last_name":"Abbatini","email":"vabbatini47@omniture.com","date_of_birth":"09-01-2011","age":35,"country":"Mozambique","phone":"9357138498"},
{"id":153,"first_name":"Benoite","last_name":"Gravie","email":"bgravie48@tmall.com","date_of_birth":"12-12-1972","age":24,"country":"Russia","phone":"2539623554"},
{"id":154,"first_name":"Elie","last_name":"Tyhurst","email":"etyhurst49@163.com","date_of_birth":"22-05-2005","age":36,"country":"Philippines","phone":"1425798991"},
{"id":155,"first_name":"Thorny","last_name":"Hargey","email":"thargey4a@last.fm","date_of_birth":"22-04-2013","age":38,"country":"Brazil","phone":"6437345259"},
{"id":156,"first_name":"Dominic","last_name":"Wookey","email":"dwookey4b@admin.ch","date_of_birth":"25-11-1996","age":21,"country":"Jamaica","phone":"8976286522"},
{"id":157,"first_name":"Kaylyn","last_name":"Ullock","email":"kullock4c@oracle.com","date_of_birth":"28-07-1973","age":58,"country":"Poland","phone":"8123781578"},
{"id":158,"first_name":"Nertie","last_name":"Scarfe","email":"nscarfe4d@cmu.edu","date_of_birth":"14-08-1972","age":48,"country":"China","phone":"5177370402"},
{"id":159,"first_name":"Dinny","last_name":"Abrahamsson","email":"dabrahamsson4e@zdnet.com","date_of_birth":"10-03-1975","age":22,"country":"Peru","phone":"5874174004"},
{"id":160,"first_name":"Leeanne","last_name":"Joselovitch","email":"ljoselovitch4f@cyberchimps.com","date_of_birth":"16-04-1976","age":35,"country":"Peru","phone":"4909111388"},
{"id":161,"first_name":"Alvina","last_name":"Hindmoor","email":"ahindmoor4g@parallels.com","date_of_birth":"16-08-1970","age":48,"country":"Indonesia","phone":"3553263838"},
{"id":162,"first_name":"Red","last_name":"Jaulme","email":"rjaulme4h@squidoo.com","date_of_birth":"20-07-1992","age":57,"country":"Uruguay","phone":"7782591652"},
{"id":163,"first_name":"Mandel","last_name":"Hudghton","email":"mhudghton4i@cdbaby.com","date_of_birth":"24-06-1971","age":47,"country":"United States","phone":"7203115855"},
{"id":164,"first_name":"Octavius","last_name":"Spaldin","email":"ospaldin4j@ifeng.com","date_of_birth":"04-06-2005","age":18,"country":"Australia","phone":"2474177845"},
{"id":165,"first_name":"Mahmud","last_name":"Maffiotti","email":"mmaffiotti4k@stanford.edu","date_of_birth":"29-04-2012","age":56,"country":"China","phone":"4945708838"},
{"id":166,"first_name":"Eliza","last_name":"Julien","email":"ejulien4l@mac.com","date_of_birth":"17-03-1979","age":26,"country":"Afghanistan","phone":"1627366025"},
{"id":167,"first_name":"Ricca","last_name":"Dunleavy","email":"rdunleavy4m@miibeian.gov.cn","date_of_birth":"20-03-1977","age":52,"country":"Brazil","phone":"6663859506"},
{"id":168,"first_name":"Carline","last_name":"Scade","email":"cscade4n@weebly.com","date_of_birth":"18-03-1982","age":43,"country":"Finland","phone":"7985171009"},
{"id":169,"first_name":"Axe","last_name":"Gentric","email":"agentric4o@illinois.edu","date_of_birth":"14-06-2008","age":29,"country":"Uganda","phone":"8516014726"},
{"id":170,"first_name":"Elfrieda","last_name":"Leckenby","email":"eleckenby4p@homestead.com","date_of_birth":"18-09-1985","age":22,"country":"Indonesia","phone":"7272563955"},
{"id":171,"first_name":"Malva","last_name":"Clue","email":"mclue4q@apple.com","date_of_birth":"18-07-2021","age":46,"country":"Nigeria","phone":"9874432689"},
{"id":172,"first_name":"Letti","last_name":"Weinmann","email":"lweinmann4r@wsj.com","date_of_birth":"27-09-1981","age":56,"country":"China","phone":"9772240920"},
{"id":173,"first_name":"Loise","last_name":"Walework","email":"lwalework4s@nasa.gov","date_of_birth":"18-08-2017","age":49,"country":"Colombia","phone":"6001475716"},
{"id":174,"first_name":"Hanson","last_name":"Crowson","email":"hcrowson4t@pbs.org","date_of_birth":"22-10-2019","age":22,"country":"Mexico","phone":"3286509905"},
{"id":175,"first_name":"Eyde","last_name":"Genike","email":"egenike4u@census.gov","date_of_birth":"17-07-1994","age":48,"country":"United States","phone":"2023338765"},
{"id":176,"first_name":"Barrie","last_name":"Kloser","email":"bkloser4v@psu.edu","date_of_birth":"04-01-2018","age":56,"country":"China","phone":"3162852865"},
{"id":177,"first_name":"Barn","last_name":"Gooch","email":"bgooch4w@wunderground.com","date_of_birth":"17-08-2017","age":50,"country":"Thailand","phone":"8274144833"},
{"id":178,"first_name":"Edith","last_name":"Britch","email":"ebritch4x@cmu.edu","date_of_birth":"26-01-2016","age":39,"country":"Venezuela","phone":"9341526063"},
{"id":179,"first_name":"Marian","last_name":"Lynnitt","email":"mlynnitt4y@1688.com","date_of_birth":"08-02-1977","age":44,"country":"Greece","phone":"8362347311"},
{"id":180,"first_name":"Mindy","last_name":"Arnould","email":"marnould4z@nifty.com","date_of_birth":"09-04-2008","age":53,"country":"Haiti","phone":"6351297837"},
{"id":181,"first_name":"Irena","last_name":"Ardley","email":"iardley50@cpanel.net","date_of_birth":"29-07-1986","age":44,"country":"Argentina","phone":"7714320289"},
{"id":182,"first_name":"Joellyn","last_name":"Engelbrecht","email":"jengelbrecht51@time.com","date_of_birth":"27-07-1996","age":26,"country":"Indonesia","phone":"7214361591"},
{"id":183,"first_name":"Hermine","last_name":"Grahame","email":"hgrahame52@house.gov","date_of_birth":"26-08-2019","age":45,"country":"France","phone":"2152575253"},
{"id":184,"first_name":"Bibbie","last_name":"Zamorrano","email":"bzamorrano53@google.pl","date_of_birth":"20-12-2011","age":43,"country":"Greece","phone":"2173700462"},
{"id":185,"first_name":"Felic","last_name":"McCollum","email":"fmccollum54@topsy.com","date_of_birth":"19-06-1995","age":44,"country":"Zimbabwe","phone":"9019849255"},
{"id":186,"first_name":"Mary","last_name":"Chittenden","email":"mchittenden55@boston.com","date_of_birth":"04-11-1972","age":43,"country":"Bosnia and Herzegovina","phone":"5342940154"},
{"id":187,"first_name":"Clementius","last_name":"Congdon","email":"ccongdon56@mac.com","date_of_birth":"02-07-1981","age":31,"country":"China","phone":"7896311080"},
{"id":188,"first_name":"Dev","last_name":"McIndrew","email":"dmcindrew57@edublogs.org","date_of_birth":"07-07-1981","age":34,"country":"China","phone":"8535383053"},
{"id":189,"first_name":"Eberto","last_name":"Bougen","email":"ebougen58@ebay.co.uk","date_of_birth":"24-08-2008","age":56,"country":"Russia","phone":"9251138195"},
{"id":190,"first_name":"Tarrance","last_name":"Burrett","email":"tburrett59@cnet.com","date_of_birth":"30-12-1986","age":51,"country":"China","phone":"7609873169"},
{"id":191,"first_name":"Kirsti","last_name":"Barrasse","email":"kbarrasse5a@census.gov","date_of_birth":"07-03-1976","age":44,"country":"China","phone":"9251170317"},
{"id":192,"first_name":"Jayme","last_name":"Bentinck","email":"jbentinck5b@google.com","date_of_birth":"04-12-1996","age":50,"country":"Portugal","phone":"1346666280"},
{"id":193,"first_name":"Essy","last_name":"Hanner","email":"ehanner5c@engadget.com","date_of_birth":"09-11-1997","age":31,"country":"Ukraine","phone":"3628738813"},
{"id":194,"first_name":"Taffy","last_name":"Widocks","email":"twidocks5d@mail.ru","date_of_birth":"10-01-2001","age":50,"country":"Armenia","phone":"4775983966"},
{"id":195,"first_name":"Fonz","last_name":"Beig","email":"fbeig5e@bloglines.com","date_of_birth":"09-10-2007","age":51,"country":"Portugal","phone":"9773850419"},
{"id":196,"first_name":"Wilmar","last_name":"Jones","email":"wjones5f@patch.com","date_of_birth":"17-03-1979","age":25,"country":"China","phone":"5385901700"},
{"id":197,"first_name":"Hana","last_name":"Riddles","email":"hriddles5g@gizmodo.com","date_of_birth":"25-09-2004","age":20,"country":"Malta","phone":"7032964001"},
{"id":198,"first_name":"Karrie","last_name":"Comley","email":"kcomley5h@loc.gov","date_of_birth":"09-09-1981","age":25,"country":"Greece","phone":"6342821142"},
{"id":199,"first_name":"Annora","last_name":"Menary","email":"amenary5i@amazon.de","date_of_birth":"01-04-1981","age":20,"country":"Serbia","phone":"9104521770"},
{"id":200,"first_name":"Hulda","last_name":"Ferrari","email":"hferrari5j@about.com","date_of_birth":"06-04-1993","age":36,"country":"Philippines","phone":"4482508546"}]